CARD NUMBER,BILLING MONTH,PRINCIPLE AMOUNT,INTEREST AMOUNT,GST,EMI OUTSTANDING,INSTALLMENT NUMBER,TOTAL NUMBER OF INSTALLMENTS,Original Reference Number
E7B2B9B62DD3DDE9AC9880317850C2442F98D595E4B6ED48256EC25F463F0668,05-06-24,000000423755,000000102072,            ,            ,07,18,74766283323042494502225
E7B2B9B62DD3DDE9AC9880317850C2442F98D595E4B6ED48256EC25F463F0668,05-07-24,000000431524,000000094303,            ,            ,08,18,74766283323042494502225
E7B2B9B62DD3DDE9AC9880317850C2442F98D595E4B6ED48256EC25F463F0668,05-08-24,000000439435,000000086392,            ,            ,09,18,74766283323042494502225
E7B2B9B62DD3DDE9AC9880317850C2442F98D595E4B6ED48256EC25F463F0668,05-09-24,000000447491,000000078336,            ,            ,10,18,74766283323042494502225
E7B2B9B62DD3DDE9AC9880317850C2442F98D595E4B6ED48256EC25F463F0668,05-10-24,000000455695,000000070132,            ,            ,11,18,74766283323042494502225
E7B2B9B62DD3DDE9AC9880317850C2442F98D595E4B6ED48256EC25F463F0668,05-11-24,000000464049,000000061778,            ,            ,12,18,74766283323042494502225
E7B2B9B62DD3DDE9AC9880317850C2442F98D595E4B6ED48256EC25F463F0668,05-12-24,000000472556,000000053271,            ,            ,13,18,74766283323042494502225
E7B2B9B62DD3DDE9AC9880317850C2442F98D595E4B6ED48256EC25F463F0668,05-01-25,000000481220,000000044607,            ,            ,14,18,74766283323042494502225
E7B2B9B62DD3DDE9AC9880317850C2442F98D595E4B6ED48256EC25F463F0668,05-02-25,000000490042,000000035785,            ,            ,15,18,74766283323042494502225
E7B2B9B62DD3DDE9AC9880317850C2442F98D595E4B6ED48256EC25F463F0668,05-03-25,000000499026,000000026801,            ,            ,16,18,74766283323042494502225
E7B2B9B62DD3DDE9AC9880317850C2442F98D595E4B6ED48256EC25F463F0668,05-04-25,000000508175,000000017652,            ,            ,17,18,74766283323042494502225
E7B2B9B62DD3DDE9AC9880317850C2442F98D595E4B6ED48256EC25F463F0668,05-05-25,000000517491,000000008336,            ,            ,18,18,74766283323042494502225